epoch,step,test_loss,train_loss
0,49,,3.204197406768799
0,99,,2.8053388595581055
0,149,,2.7142386436462402
0,199,,2.681589126586914
0,249,,2.6641733646392822
0,299,,2.596806526184082
0,349,,2.6181561946868896
0,399,,2.596390724182129
0,449,,2.5569984912872314
0,499,,2.615586519241333
0,549,,2.549201488494873
0,599,,2.602609872817993
0,649,,2.5069680213928223
0,699,,2.589651346206665
0,749,,2.6559150218963623
0,799,,2.5476152896881104
0,849,,2.5328691005706787
0,899,,2.5393784046173096
0,949,,2.4811830520629883
0,999,,2.542982816696167
0,1049,,2.5425920486450195
0,1099,,2.5366806983947754
0,1149,,2.6126325130462646
0,1199,,2.5124683380126953
0,1249,,2.508099317550659
0,1299,,2.642422676086426
0,1349,,2.486374855041504
0,1399,,2.575439453125
0,1449,,2.496650218963623
0,1499,,2.503957986831665
0,1549,,2.5384039878845215
0,1599,,2.4891252517700195
0,1649,,2.521038055419922
0,1699,,2.5542075634002686
0,1749,,2.533611297607422
0,1799,,2.493701219558716
0,1849,,2.5556583404541016
0,1899,,2.4497430324554443
0,1949,,2.4871444702148438
0,1999,,2.4852771759033203
0,2049,,2.455258846282959
0,2099,,2.5663108825683594
0,2149,,2.482165813446045
0,2199,,2.4861109256744385
0,2249,,2.521960735321045
0,2299,,2.518481969833374
0,2349,,2.48614764213562
0,2399,,2.4418067932128906
0,2449,,2.491414785385132
0,2499,,2.5186350345611572
0,2537,2.5058999061584473,
1,2549,,2.5738039016723633
1,2599,,2.527118444442749
1,2649,,2.520914077758789
1,2699,,2.471322774887085
1,2749,,2.4849720001220703
1,2799,,2.5187487602233887
1,2849,,2.4907350540161133
1,2899,,2.5313518047332764
1,2949,,2.4926068782806396
1,2999,,2.4667036533355713
1,3049,,2.5410470962524414
1,3099,,2.5141422748565674
1,3149,,2.5431418418884277
1,3199,,2.4977402687072754
1,3249,,2.5144782066345215
1,3299,,2.506331205368042
1,3349,,2.4562973976135254
1,3399,,2.4666388034820557
1,3449,,2.530287742614746
1,3499,,2.5078792572021484
1,3549,,2.4542717933654785
1,3599,,2.4816854000091553
1,3649,,2.4966909885406494
1,3699,,2.4698667526245117
1,3749,,2.4984915256500244
1,3799,,2.465266466140747
1,3849,,2.4564805030822754
1,3899,,2.5160293579101562
1,3949,,2.4771151542663574
1,3999,,2.4969513416290283
1,4049,,2.490767478942871
1,4099,,2.530381917953491
1,4149,,2.4666194915771484
1,4199,,2.4909746646881104
1,4249,,2.4513344764709473
1,4299,,2.456752300262451
1,4349,,2.490247964859009
1,4399,,2.461876392364502
1,4449,,2.4336910247802734
1,4499,,2.4277660846710205
1,4549,,2.442040205001831
1,4599,,2.485499858856201
1,4649,,2.450852870941162
1,4699,,2.447923421859741
1,4749,,2.4700214862823486
1,4799,,2.433750629425049
1,4849,,2.4699442386627197
1,4899,,2.4098618030548096
1,4949,,2.442694902420044
1,4999,,2.469141721725464
1,5049,,2.4862184524536133
1,5075,2.4691498279571533,
2,5099,,2.442714214324951
2,5149,,2.409735679626465
2,5199,,2.4588913917541504
2,5249,,2.466247797012329
2,5299,,2.4184396266937256
2,5349,,2.4270894527435303
2,5399,,2.457307815551758
2,5449,,2.4819185733795166
2,5499,,2.4511921405792236
2,5549,,2.4886841773986816
2,5599,,2.5170116424560547
2,5649,,2.4549720287323
2,5699,,2.4421181678771973
2,5749,,2.44610595703125
2,5799,,2.467621088027954
2,5849,,2.4323782920837402
2,5899,,2.458540439605713
2,5949,,2.476163148880005
2,5999,,2.4407541751861572
2,6049,,2.477494478225708
2,6099,,2.458477020263672
2,6149,,2.429873466491699
2,6199,,2.4544219970703125
2,6249,,2.4816396236419678
2,6299,,2.4223666191101074
2,6349,,2.4370267391204834
2,6399,,2.4161183834075928
2,6449,,2.4417643547058105
2,6499,,2.4556732177734375
2,6549,,2.503553628921509
2,6599,,2.449847936630249
2,6649,,2.44180965423584
2,6699,,2.429431200027466
2,6749,,2.3957180976867676
2,6799,,2.489351511001587
2,6849,,2.493921995162964
2,6899,,2.406529426574707
2,6949,,2.470954179763794
2,6999,,2.502737283706665
2,7049,,2.401968240737915
2,7099,,2.4158213138580322
2,7149,,2.48588490486145
2,7199,,2.4626426696777344
2,7249,,2.470019578933716
2,7299,,2.4164841175079346
2,7349,,2.48460054397583
2,7399,,2.4286978244781494
2,7449,,2.4439470767974854
2,7499,,2.4856388568878174
2,7549,,2.515763759613037
2,7599,,2.48239803314209
2,7613,2.461498975753784,
3,7649,,2.4771809577941895
3,7699,,2.4015798568725586
3,7749,,2.4501760005950928
3,7799,,2.423285961151123
3,7849,,2.4542505741119385
3,7899,,2.4513797760009766
3,7949,,2.4345991611480713
3,7999,,2.4114511013031006
3,8049,,2.4356791973114014
3,8099,,2.4454312324523926
3,8149,,2.5504770278930664
3,8199,,2.455653667449951
3,8249,,2.4807016849517822
3,8299,,2.452789783477783
3,8349,,2.411677360534668
3,8399,,2.4256391525268555
3,8449,,2.393927812576294
3,8499,,2.463460683822632
3,8549,,2.4436185359954834
3,8599,,2.4497992992401123
3,8649,,2.4810681343078613
3,8699,,2.4418656826019287
3,8749,,2.46042799949646
3,8799,,2.420724868774414
3,8849,,2.505155086517334
3,8899,,2.454786539077759
3,8949,,2.431398391723633
3,8999,,2.442667007446289
3,9049,,2.4227294921875
3,9099,,2.4386298656463623
3,9149,,2.4429197311401367
3,9199,,2.4897820949554443
3,9249,,2.4724953174591064
3,9299,,2.4068984985351562
3,9349,,2.4285895824432373
3,9399,,2.4489521980285645
3,9449,,2.418541431427002
3,9499,,2.4450929164886475
3,9549,,2.4115333557128906
3,9599,,2.4013917446136475
3,9649,,2.4740400314331055
3,9699,,2.498706102371216
3,9749,,2.422539472579956
3,9799,,2.426866292953491
3,9849,,2.4576876163482666
3,9899,,2.420802354812622
3,9949,,2.4283294677734375
3,9999,,2.4159252643585205
3,10049,,2.4732136726379395
3,10099,,2.4244794845581055
3,10149,,2.527256965637207
3,10151,2.448988437652588,
4,10199,,2.4487149715423584
4,10249,,2.429323434829712
4,10299,,2.424017906188965
4,10349,,2.424415111541748
4,10399,,2.4559130668640137
4,10449,,2.452023983001709
4,10499,,2.4227466583251953
4,10549,,2.4355525970458984
4,10599,,2.4503743648529053
4,10649,,2.423131227493286
4,10699,,2.5142929553985596
4,10749,,2.4389092922210693
4,10799,,2.409022092819214
4,10849,,2.5029287338256836
4,10899,,2.423020124435425
4,10949,,2.4330480098724365
4,10999,,2.415503740310669
4,11049,,2.4077658653259277
4,11099,,2.487995147705078
4,11149,,2.4932024478912354
4,11199,,2.426177740097046
4,11249,,2.470301866531372
4,11299,,2.3943562507629395
4,11349,,2.409292459487915
4,11399,,2.4249985218048096
4,11449,,2.45462703704834
4,11499,,2.4688823223114014
4,11549,,2.456829309463501
4,11599,,2.4195938110351562
4,11649,,2.397294282913208
4,11699,,2.454951763153076
4,11749,,2.4752461910247803
4,11799,,2.4752237796783447
4,11849,,2.4471540451049805
4,11899,,2.4560036659240723
4,11949,,2.439059019088745
4,11999,,2.438645124435425
4,12049,,2.4074904918670654
4,12099,,2.442018747329712
4,12149,,2.469576120376587
4,12199,,2.4218482971191406
4,12249,,2.432800769805908
4,12299,,2.434994697570801
4,12349,,2.443378448486328
4,12399,,2.4291205406188965
4,12449,,2.4686288833618164
4,12499,,2.4646248817443848
4,12549,,2.4344825744628906
4,12599,,2.433711528778076
4,12649,,2.4243547916412354
4,12689,2.4450032711029053,
5,12699,,2.424168109893799
5,12749,,2.4048187732696533
5,12799,,2.4149692058563232
5,12849,,2.4511795043945312
5,12899,,2.433537244796753
5,12949,,2.439687967300415
5,12999,,2.4233434200286865
5,13049,,2.420353412628174
5,13099,,2.4320273399353027
5,13149,,2.486363649368286
5,13199,,2.470578193664551
5,13249,,2.5390264987945557
5,13299,,2.4089739322662354
5,13349,,2.444688320159912
5,13399,,2.4100728034973145
5,13449,,2.4336979389190674
5,13499,,2.3918404579162598
5,13549,,2.425495147705078
5,13599,,2.424412250518799
5,13649,,2.4387316703796387
5,13699,,2.4466817378997803
5,13749,,2.4392831325531006
5,13799,,2.440062999725342
5,13849,,2.423051118850708
5,13899,,2.4684836864471436
5,13949,,2.434736728668213
5,13999,,2.5153915882110596
5,14049,,2.4969279766082764
5,14099,,2.4670798778533936
5,14149,,2.414205312728882
5,14199,,2.4386985301971436
5,14249,,2.456552267074585
5,14299,,2.441481113433838
5,14349,,2.4220833778381348
5,14399,,2.4383630752563477
5,14449,,2.431792974472046
5,14499,,2.4392244815826416
5,14549,,2.392111301422119
5,14599,,2.4488272666931152
5,14649,,2.4395039081573486
5,14699,,2.408289909362793
5,14749,,2.4688098430633545
5,14799,,2.4242067337036133
5,14849,,2.4050114154815674
5,14899,,2.4414093494415283
5,14949,,2.444197416305542
5,14999,,2.4255378246307373
5,15049,,2.4559593200683594
5,15099,,2.417316436767578
5,15149,,2.4074594974517822
5,15199,,2.439286470413208
5,15227,2.442932605743408,
6,15249,,2.4180924892425537
6,15299,,2.423400402069092
6,15349,,2.452601432800293
6,15399,,2.473843574523926
6,15449,,2.436441421508789
6,15499,,2.421542167663574
6,15549,,2.436098098754883
6,15599,,2.438727617263794
6,15649,,2.4074158668518066
6,15699,,2.4074060916900635
6,15749,,2.4373552799224854
6,15799,,2.412998676300049
6,15849,,2.441457986831665
6,15899,,2.3952462673187256
6,15949,,2.4269139766693115
6,15999,,2.42179274559021
6,16049,,2.4114341735839844
6,16099,,2.427277088165283
6,16149,,2.4366023540496826
6,16199,,2.3931450843811035
6,16249,,2.407141923904419
6,16299,,2.4230594635009766
6,16349,,2.4420230388641357
6,16399,,2.4541802406311035
6,16449,,2.481691598892212
6,16499,,2.4628260135650635
6,16549,,2.423227310180664
6,16599,,2.3922247886657715
6,16649,,2.4017691612243652
6,16699,,2.4274115562438965
6,16749,,2.3936221599578857
6,16799,,2.4486489295959473
6,16849,,2.453179359436035
6,16899,,2.442450761795044
6,16949,,2.4387893676757812
6,16999,,2.4294402599334717
6,17049,,2.4510931968688965
6,17099,,2.41357684135437
6,17149,,2.4396185874938965
6,17199,,2.4062445163726807
6,17249,,2.4073917865753174
6,17299,,2.411768913269043
6,17349,,2.410252094268799
6,17399,,2.454191207885742
6,17449,,2.4407427310943604
6,17499,,2.407468795776367
6,17549,,2.451673746109009
6,17599,,2.4223432540893555
6,17649,,2.407414674758911
6,17699,,2.454817295074463
6,17749,,2.422909736633301
6,17765,2.440030097961426,
7,17799,,2.4030439853668213
7,17849,,2.4543774127960205
7,17899,,2.3935275077819824
7,17949,,2.475773334503174
7,17999,,2.3920388221740723
7,18049,,2.4074113368988037
7,18099,,2.4234390258789062
7,18149,,2.4498629570007324
7,18199,,2.406048059463501
7,18249,,2.460415840148926
7,18299,,2.4066648483276367
7,18349,,2.422912359237671
7,18399,,2.4612982273101807
7,18449,,2.423095703125
7,18499,,2.4610750675201416
7,18549,,2.4544501304626465
7,18599,,2.4503142833709717
7,18649,,2.4276678562164307
7,18699,,2.463995933532715
7,18749,,2.423988103866577
7,18799,,2.4080076217651367
7,18849,,2.4233558177948
7,18899,,2.42293381690979
7,18949,,2.4366955757141113
7,18999,,2.463372230529785
7,19049,,2.451456069946289
7,19099,,2.438615083694458
7,19149,,2.4599478244781494
7,19199,,2.4551777839660645
7,19249,,2.425706386566162
7,19299,,2.424053907394409
7,19349,,2.4828593730926514
7,19399,,2.4386839866638184
7,19449,,2.407500982284546
7,19499,,2.423156976699829
7,19549,,2.3929665088653564
7,19599,,2.4451651573181152
7,19649,,2.408954381942749
7,19699,,2.439150810241699
7,19749,,2.4287452697753906
7,19799,,2.406761646270752
7,19849,,2.4136557579040527
7,19899,,2.4242656230926514
7,19949,,2.4217915534973145
7,19999,,2.42319655418396
7,20049,,2.4355967044830322
7,20099,,2.443014144897461
7,20149,,2.4284772872924805
7,20199,,2.423837184906006
7,20249,,2.4121298789978027
7,20299,,2.4290716648101807
7,20303,2.440241575241089,
8,20349,,2.3917934894561768
8,20399,,2.4725897312164307
8,20449,,2.425947427749634
8,20499,,2.4386444091796875
8,20549,,2.4074013233184814
8,20599,,2.423060417175293
8,20649,,2.426877975463867
8,20699,,2.407443046569824
8,20749,,2.422813892364502
8,20799,,2.401989221572876
8,20849,,2.4325318336486816
8,20899,,2.4244484901428223
8,20949,,2.4673025608062744
8,20999,,2.3934109210968018
8,21049,,2.4131133556365967
8,21099,,2.4708616733551025
8,21149,,2.3917758464813232
8,21199,,2.440884828567505
8,21249,,2.4230360984802246
8,21299,,2.4582877159118652
8,21349,,2.460139274597168
8,21399,,2.4386141300201416
8,21449,,2.4233016967773438
8,21499,,2.4127590656280518
8,21549,,2.4397597312927246
8,21599,,2.4237630367279053
8,21649,,2.438638210296631
8,21699,,2.4376676082611084
8,21749,,2.407609462738037
8,21799,,2.4097158908843994
8,21849,,2.4642882347106934
8,21899,,2.4170827865600586
8,21949,,2.4334418773651123
8,21999,,2.423734188079834
8,22049,,2.4096696376800537
8,22099,,2.42820143699646
8,22149,,2.473137855529785
8,22199,,2.4233694076538086
8,22249,,2.3918590545654297
8,22299,,2.424161911010742
8,22349,,2.404449701309204
8,22399,,2.4401791095733643
8,22449,,2.421583890914917
8,22499,,2.4325177669525146
8,22549,,2.4205009937286377
8,22599,,2.426363706588745
8,22649,,2.393944025039673
8,22699,,2.412343740463257
8,22749,,2.4391098022460938
8,22799,,2.4019808769226074
8,22841,2.4357316493988037,
9,22849,,2.5147902965545654
9,22899,,2.438783645629883
9,22949,,2.455138683319092
9,22999,,2.424525499343872
9,23049,,2.3934953212738037
9,23099,,2.4369802474975586
9,23149,,2.3917698860168457
9,23199,,2.4227898120880127
9,23249,,2.4075050354003906
9,23299,,2.4580531120300293
9,23349,,2.4258992671966553
9,23399,,2.432590961456299
9,23449,,2.4363908767700195
9,23499,,2.454282283782959
9,23549,,2.423142194747925
9,23599,,2.4070544242858887
9,23649,,2.408921003341675
9,23699,,2.422868251800537
9,23749,,2.439131498336792
9,23799,,2.428840160369873
9,23849,,2.418626308441162
9,23899,,2.4620890617370605
9,23949,,2.425325632095337
9,23999,,2.4520299434661865
9,24049,,2.4046308994293213
9,24099,,2.3926820755004883
9,24149,,2.4065918922424316
9,24199,,2.4233298301696777
9,24249,,2.4230282306671143
9,24299,,2.4080567359924316
9,24349,,2.4260311126708984
9,24399,,2.3917734622955322
9,24449,,2.4454970359802246
9,24499,,2.440136432647705
9,24549,,2.423675298690796
9,24599,,2.4229416847229004
9,24649,,2.4079127311706543
9,24699,,2.4075124263763428
9,24749,,2.486967086791992
9,24799,,2.4644486904144287
9,24849,,2.392164945602417
9,24899,,2.442305088043213
9,24949,,2.4157981872558594
9,24999,,2.407386302947998
9,25049,,2.39182186126709
9,25099,,2.4088997840881348
9,25149,,2.401718854904175
9,25199,,2.4061636924743652
9,25249,,2.391857624053955
9,25299,,2.422616720199585
9,25349,,2.423222064971924
9,25379,2.4347431659698486,
10,25399,,2.4432616233825684
10,25449,,2.3917689323425293
10,25499,,2.422757625579834
10,25549,,2.4150936603546143
10,25599,,2.4230246543884277
10,25649,,2.4267048835754395
10,25699,,2.4236867427825928
10,25749,,2.4332265853881836
10,25799,,2.410602569580078
10,25849,,2.3942649364471436
10,25899,,2.4076087474823
10,25949,,2.39298939704895
10,25999,,2.423037528991699
10,26049,,2.4397120475769043
10,26099,,2.406733989715576
10,26149,,2.3941283226013184
10,26199,,2.4386391639709473
10,26249,,2.4077987670898438
10,26299,,2.42844557762146
10,26349,,2.4371426105499268
10,26399,,2.40744948387146
10,26449,,2.4075396060943604
10,26499,,2.422971487045288
10,26549,,2.4320836067199707
10,26599,,2.3983914852142334
10,26649,,2.42931866645813
10,26699,,2.392002582550049
10,26749,,2.485253095626831
10,26799,,2.4074254035949707
10,26849,,2.4664831161499023
10,26899,,2.40010666847229
10,26949,,2.4344851970672607
10,26999,,2.470057487487793
10,27049,,2.438751459121704
10,27099,,2.4537222385406494
10,27149,,2.407421827316284
10,27199,,2.4198989868164062
10,27249,,2.447270154953003
10,27299,,2.439713478088379
10,27349,,2.392444372177124
10,27399,,2.4396305084228516
10,27449,,2.404980421066284
10,27499,,2.438966989517212
10,27549,,2.4093728065490723
10,27599,,2.428069829940796
10,27649,,2.422699451446533
10,27699,,2.432631731033325
10,27749,,2.4075396060943604
10,27799,,2.4230523109436035
10,27849,,2.4298782348632812
10,27899,,2.428485631942749
10,27917,2.4349801540374756,
11,27949,,2.428215503692627
11,27999,,2.4074416160583496
11,28049,,2.4228458404541016
11,28099,,2.4393205642700195
11,28149,,2.4073891639709473
11,28199,,2.423013687133789
11,28249,,2.4233739376068115
11,28299,,2.4705870151519775
11,28349,,2.4078025817871094
11,28399,,2.4434547424316406
11,28449,,2.4369516372680664
11,28499,,2.4107563495635986
11,28549,,2.4536948204040527
11,28599,,2.3918142318725586
11,28649,,2.398761510848999
11,28699,,2.40572452545166
11,28749,,2.424877643585205
11,28799,,2.42314076423645
11,28849,,2.400726079940796
11,28899,,2.4233853816986084
11,28949,,2.4512648582458496
11,28999,,2.407390594482422
11,29049,,2.429250717163086
11,29099,,2.422891616821289
11,29149,,2.3921542167663574
11,29199,,2.4370596408843994
11,29249,,2.4203083515167236
11,29299,,2.4377052783966064
11,29349,,2.4096240997314453
11,29399,,2.4345672130584717
11,29449,,2.4234867095947266
11,29499,,2.4383864402770996
11,29549,,2.3943545818328857
11,29599,,2.408445358276367
11,29649,,2.424421548843384
11,29699,,2.3923044204711914
11,29749,,2.39611554145813
11,29799,,2.455207109451294
11,29849,,2.4635493755340576
11,29899,,2.4375410079956055
11,29949,,2.4240081310272217
11,29999,,2.3976805210113525
11,30049,,2.436654567718506
11,30099,,2.429413080215454
11,30149,,2.410889148712158
11,30199,,2.437063694000244
11,30249,,2.392338991165161
11,30299,,2.476766347885132
11,30349,,2.40766978263855
11,30399,,2.469693183898926
11,30449,,2.4230172634124756
11,30455,2.4357664585113525,
12,30499,,2.4090254306793213
12,30549,,2.407486915588379
12,30599,,2.4339022636413574
12,30649,,2.4084174633026123
12,30699,,2.4230258464813232
12,30749,,2.4395015239715576
12,30799,,2.4488189220428467
12,30849,,2.4096858501434326
12,30899,,2.441868543624878
12,30949,,2.4374051094055176
12,30999,,2.4457077980041504
12,31049,,2.4110074043273926
12,31099,,2.392292022705078
12,31149,,2.4215686321258545
12,31199,,2.436749219894409
12,31249,,2.44507098197937
12,31299,,2.4074277877807617
12,31349,,2.411982774734497
12,31399,,2.4210023880004883
12,31449,,2.4073915481567383
12,31499,,2.3917689323425293
12,31549,,2.422229290008545
12,31599,,2.4344706535339355
12,31649,,2.460735559463501
12,31699,,2.4505553245544434
12,31749,,2.407388925552368
12,31799,,2.4081358909606934
12,31849,,2.3918139934539795
12,31899,,2.423194646835327
12,31949,,2.422744035720825
12,31999,,2.4235363006591797
12,32049,,2.4075591564178467
12,32099,,2.392404556274414
12,32149,,2.44014048576355
12,32199,,2.40971302986145
12,32249,,2.4073874950408936
12,32299,,2.4856057167053223
12,32349,,2.466942548751831
12,32399,,2.4144463539123535
12,32449,,2.4419636726379395
12,32499,,2.4101955890655518
12,32549,,2.4254508018493652
12,32599,,2.4214870929718018
12,32649,,2.4481985569000244
12,32699,,2.438652276992798
12,32749,,2.4228696823120117
12,32799,,2.4004340171813965
12,32849,,2.4242444038391113
12,32899,,2.438591957092285
12,32949,,2.4227919578552246
12,32993,2.432661294937134,
13,32999,,2.4387168884277344
13,33049,,2.408210515975952
13,33099,,2.407482624053955
13,33149,,2.4692492485046387
13,33199,,2.469759702682495
13,33249,,2.4230129718780518
13,33299,,2.4606049060821533
13,33349,,2.4142205715179443
13,33399,,2.391768217086792
13,33449,,2.453178644180298
13,33499,,2.426114320755005
13,33549,,2.4075658321380615
13,33599,,2.4074184894561768
13,33649,,2.3917651176452637
13,33699,,2.4077484607696533
13,33749,,2.46067476272583
13,33799,,2.4368956089019775
13,33849,,2.421905040740967
13,33899,,2.423078775405884
13,33949,,2.4227898120880127
13,33999,,2.4434590339660645
13,34049,,2.4074289798736572
13,34099,,2.423478603363037
13,34149,,2.4072978496551514
13,34199,,2.453761339187622
13,34249,,2.4229989051818848
13,34299,,2.395672559738159
13,34349,,2.391799211502075
13,34399,,2.4668712615966797
13,34449,,2.435602903366089
13,34499,,2.4232099056243896
13,34549,,2.4233312606811523
13,34599,,2.400423765182495
13,34649,,2.4373717308044434
13,34699,,2.391953945159912
13,34749,,2.40432071685791
13,34799,,2.4567601680755615
13,34849,,2.434469223022461
13,34899,,2.422199249267578
13,34949,,2.3978235721588135
13,34999,,2.4112751483917236
13,35049,,2.4232261180877686
13,35099,,2.394927978515625
13,35149,,2.4069390296936035
13,35199,,2.4339191913604736
13,35249,,2.4386374950408936
13,35299,,2.4182169437408447
13,35349,,2.4074926376342773
13,35399,,2.4024481773376465
13,35449,,2.392885446548462
13,35499,,2.4384427070617676
13,35531,2.430624008178711,
14,35549,,2.3920788764953613
14,35599,,2.4073967933654785
14,35649,,2.391765832901001
14,35699,,2.423170566558838
14,35749,,2.4076120853424072
14,35799,,2.42356276512146
14,35849,,2.407273530960083
14,35899,,2.407236099243164
14,35949,,2.421550750732422
14,35999,,2.43668794631958
14,36049,,2.4230122566223145
14,36099,,2.4437546730041504
14,36149,,2.4520606994628906
14,36199,,2.4538588523864746
14,36249,,2.4237544536590576
14,36299,,2.4079458713531494
14,36349,,2.451963186264038
14,36399,,2.452509641647339
14,36449,,2.438660144805908
14,36499,,2.47016978263855
14,36549,,2.4350738525390625
14,36599,,2.4250404834747314
14,36649,,2.422741174697876
14,36699,,2.407430410385132
14,36749,,2.423825740814209
14,36799,,2.424341917037964
14,36849,,2.4231619834899902
14,36899,,2.3918001651763916
14,36949,,2.4386379718780518
14,36999,,2.421815872192383
14,37049,,2.428838014602661
14,37099,,2.4230101108551025
14,37149,,2.426670789718628
14,37199,,2.39180850982666
14,37249,,2.407390594482422
14,37299,,2.4284822940826416
14,37349,,2.391763925552368
14,37399,,2.3917667865753174
14,37449,,2.407722234725952
14,37499,,2.4680254459381104
14,37549,,2.428595542907715
14,37599,,2.4662024974823
14,37649,,2.459402322769165
14,37699,,2.4229793548583984
14,37749,,2.469942092895508
14,37799,,2.4229793548583984
14,37849,,2.4653120040893555
14,37899,,2.4232683181762695
14,37949,,2.407402276992798
14,37999,,2.422651767730713
14,38049,,2.4541122913360596
14,38069,2.4296016693115234,
15,38099,,2.4230566024780273
15,38149,,2.407383441925049
15,38199,,2.4230120182037354
15,38249,,2.4386627674102783
15,38299,,2.4496965408325195
15,38349,,2.4542593955993652
15,38399,,2.439328193664551
15,38449,,2.408267021179199
15,38499,,2.4075205326080322
15,38549,,2.425529956817627
15,38599,,2.4074230194091797
15,38649,,2.423386812210083
15,38699,,2.399322748184204
15,38749,,2.4355313777923584
15,38799,,2.4016926288604736
15,38849,,2.4384965896606445
15,38899,,2.423011302947998
15,38949,,2.4016318321228027
15,38999,,2.438626289367676
15,39049,,2.4229736328125
15,39099,,2.4230363368988037
15,39149,,2.4378161430358887
15,39199,,2.3927624225616455
15,39249,,2.406289577484131
15,39299,,2.4073894023895264
15,39349,,2.4074223041534424
15,39399,,2.4828293323516846
15,39449,,2.4140548706054688
15,39499,,2.4072771072387695
15,39549,,2.39208984375
15,39599,,2.3959853649139404
15,39649,,2.3945987224578857
15,39699,,2.3917629718780518
15,39749,,2.4399709701538086
15,39799,,2.392374038696289
15,39849,,2.4111106395721436
15,39899,,2.421511650085449
15,39949,,2.450803756713867
15,39999,,2.3991565704345703
15,40049,,2.4073874950408936
15,40099,,2.3918492794036865
15,40149,,2.4110050201416016
15,40199,,2.4252560138702393
15,40249,,2.4270520210266113
15,40299,,2.43833327293396
15,40349,,2.3918087482452393
15,40399,,2.3930537700653076
15,40449,,2.438671827316284
15,40499,,2.391890287399292
15,40549,,2.4575321674346924
15,40599,,2.438654899597168
15,40607,2.4289798736572266,
16,40649,,2.438800096511841
16,40699,,2.424109697341919
16,40749,,2.391913414001465
16,40799,,2.418363571166992
16,40849,,2.4074738025665283
16,40899,,2.4231343269348145
16,40949,,2.439335346221924
16,40999,,2.424481153488159
16,41049,,2.43865966796875
16,41099,,2.407388687133789
16,41149,,2.4257078170776367
16,41199,,2.4323697090148926
16,41249,,2.4406044483184814
16,41299,,2.3945891857147217
16,41349,,2.4230051040649414
16,41399,,2.4542620182037354
16,41449,,2.438584327697754
16,41499,,2.44291353225708
16,41549,,2.408703565597534
16,41599,,2.414398670196533
16,41649,,2.407410144805908
16,41699,,2.4296445846557617
16,41749,,2.431370496749878
16,41799,,2.4216315746307373
16,41849,,2.391782522201538
16,41899,,2.4230124950408936
16,41949,,2.4334487915039062
16,41999,,2.435633420944214
16,42049,,2.4385900497436523
16,42099,,2.41059947013855
16,42149,,2.424078941345215
16,42199,,2.425520896911621
16,42249,,2.409245491027832
16,42299,,2.407329797744751
16,42349,,2.4332258701324463
16,42399,,2.4073832035064697
16,42449,,2.4043166637420654
16,42499,,2.4540491104125977
16,42549,,2.4073946475982666
16,42599,,2.3917698860168457
16,42649,,2.423038959503174
16,42699,,2.422401189804077
16,42749,,2.4072320461273193
16,42799,,2.410311222076416
16,42849,,2.4472789764404297
16,42899,,2.438016176223755
16,42949,,2.4762606620788574
16,42999,,2.4227371215820312
16,43049,,2.419463872909546
16,43099,,2.394622325897217
16,43145,2.4294540882110596,
17,43149,,2.407487392425537
17,43199,,2.438530683517456
17,43249,,2.391808032989502
17,43299,,2.3917741775512695
17,43349,,2.4386370182037354
17,43399,,2.40740966796875
17,43449,,2.408386707305908
17,43499,,2.4044694900512695
17,43549,,2.3919191360473633
17,43599,,2.4228222370147705
17,43649,,2.4204490184783936
17,43699,,2.452288866043091
17,43749,,2.408144950866699
17,43799,,2.4542555809020996
17,43849,,2.4451425075531006
17,43899,,2.391860246658325
17,43949,,2.407388687133789
17,43999,,2.446176528930664
17,44049,,2.407776355743408
17,44099,,2.391859769821167
17,44149,,2.39176344871521
17,44199,,2.4073920249938965
17,44249,,2.438575267791748
17,44299,,2.410851001739502
17,44349,,2.4295480251312256
17,44399,,2.3917624950408936
17,44449,,2.3917627334594727
17,44499,,2.4162371158599854
17,44549,,2.4624946117401123
17,44599,,2.3917672634124756
17,44649,,2.4074225425720215
17,44699,,2.4093525409698486
17,44749,,2.40775465965271
17,44799,,2.40744686126709
17,44849,,2.4075984954833984
17,44899,,2.39176607131958
17,44949,,2.4073030948638916
17,44999,,2.392216920852661
17,45049,,2.4292995929718018
17,45099,,2.3922150135040283
17,45149,,2.439706802368164
17,45199,,2.4373137950897217
17,45249,,2.423171043395996
17,45299,,2.4386377334594727
17,45349,,2.4084246158599854
17,45399,,2.438629150390625
17,45449,,2.407388687133789
17,45499,,2.4076075553894043
17,45549,,2.4073870182037354
17,45599,,2.427780866622925
17,45649,,2.4389162063598633
17,45683,2.4288322925567627,
18,45699,,2.4228861331939697
18,45749,,2.392033815383911
18,45799,,2.422882318496704
18,45849,,2.3921964168548584
18,45899,,2.4006707668304443
18,45949,,2.4698455333709717
18,45999,,2.4073872566223145
18,46049,,2.4078028202056885
18,46099,,2.407449960708618
18,46149,,2.420461416244507
18,46199,,2.4072606563568115
18,46249,,2.391855001449585
18,46299,,2.4073872566223145
18,46349,,2.3945517539978027
18,46399,,2.4235053062438965
18,46449,,2.407865285873413
18,46499,,2.3917760848999023
18,46549,,2.3923470973968506
18,46599,,2.453462600708008
18,46649,,2.423046827316284
18,46699,,2.3917624950408936
18,46749,,2.466567039489746
18,46799,,2.3923256397247314
18,46849,,2.406135082244873
18,46899,,2.4073896408081055
18,46949,,2.4073867797851562
18,46999,,2.4074273109436035
18,47049,,2.4383699893951416
18,47099,,2.4386050701141357
18,47149,,2.434497356414795
18,47199,,2.423036575317383
18,47249,,2.39182186126709
18,47299,,2.421210289001465
18,47349,,2.3928496837615967
18,47399,,2.4194507598876953
18,47449,,2.4073874950408936
18,47499,,2.45493221282959
18,47549,,2.39176344871521
18,47599,,2.422980785369873
18,47649,,2.4387776851654053
18,47699,,2.4542620182037354
18,47749,,2.423065185546875
18,47799,,2.4064455032348633
18,47849,,2.4056315422058105
18,47899,,2.395763874053955
18,47949,,2.4074156284332275
18,47999,,2.392448902130127
18,48049,,2.407384157180786
18,48099,,2.424438953399658
18,48149,,2.4068384170532227
18,48199,,2.4073901176452637
18,48221,2.426699161529541,
19,48249,,2.4388201236724854
19,48299,,2.4471757411956787
19,48349,,2.4141464233398438
19,48399,,2.3939011096954346
19,48449,,2.438427448272705
19,48499,,2.407388210296631
19,48549,,2.4386918544769287
19,48599,,2.3934438228607178
19,48649,,2.4378626346588135
19,48699,,2.43863844871521
19,48749,,2.424961805343628
19,48799,,2.4297523498535156
19,48849,,2.411214590072632
19,48899,,2.4223132133483887
19,48949,,2.4073896408081055
19,48999,,2.3917620182037354
19,49049,,2.4074628353118896
19,49099,,2.4078264236450195
19,49149,,2.423513174057007
19,49199,,2.407366991043091
19,49249,,2.4531102180480957
19,49299,,2.40738844871521
19,49349,,2.4230165481567383
19,49399,,2.4530539512634277
19,49449,,2.4542765617370605
19,49499,,2.40734601020813
19,49549,,2.4229326248168945
19,49599,,2.4317729473114014
19,49649,,2.4732823371887207
19,49699,,2.4230170249938965
19,49749,,2.4394450187683105
19,49799,,2.3917620182037354
19,49849,,2.4384496212005615
19,49899,,2.430344343185425
19,49949,,2.4073874950408936
19,49999,,2.4551820755004883
19,50049,,2.4073874950408936
19,50099,,2.4231386184692383
19,50149,,2.43747878074646
19,50199,,2.423013210296631
19,50249,,2.3966422080993652
19,50299,,2.3919789791107178
19,50349,,2.4237422943115234
19,50399,,2.4073891639709473
19,50449,,2.424082040786743
19,50499,,2.4074084758758545
19,50549,,2.4075870513916016
19,50599,,2.4331328868865967
19,50649,,2.4044570922851562
19,50699,,2.391838312149048
19,50749,,2.4387948513031006
19,50759,2.4270827770233154,
20,50799,,2.3917646408081055
20,50849,,2.4071149826049805
20,50899,,2.407620668411255
20,50949,,2.4376418590545654
20,50999,,2.423030376434326
20,51049,,2.4325501918792725
20,51099,,2.4228672981262207
20,51149,,2.40791654586792
20,51199,,2.412100315093994
20,51249,,2.451777696609497
20,51299,,2.4219846725463867
20,51349,,2.423867702484131
20,51399,,2.4230146408081055
20,51449,,2.4542617797851562
20,51499,,2.42301607131958
20,51549,,2.4252562522888184
20,51599,,2.408736228942871
20,51649,,2.4230120182037354
20,51699,,2.3988189697265625
20,51749,,2.391765832901001
20,51799,,2.4073116779327393
20,51849,,2.4104743003845215
20,51899,,2.445720672607422
20,51949,,2.411909580230713
20,51999,,2.3917620182037354
20,52049,,2.4073448181152344
20,52099,,2.4389195442199707
20,52149,,2.3917758464813232
20,52199,,2.4250497817993164
20,52249,,2.4386098384857178
20,52299,,2.4230380058288574
20,52349,,2.3928940296173096
20,52399,,2.42608380317688
20,52449,,2.4073946475982666
20,52499,,2.421917676925659
20,52549,,2.4073896408081055
20,52599,,2.4386370182037354
20,52649,,2.3918004035949707
20,52699,,2.3918099403381348
20,52749,,2.4001026153564453
20,52799,,2.4230148792266846
20,52849,,2.439427375793457
20,52899,,2.4566845893859863
20,52949,,2.430219888687134
20,52999,,2.3917994499206543
20,53049,,2.4274680614471436
20,53099,,2.4229774475097656
20,53149,,2.4073872566223145
20,53199,,2.4112725257873535
20,53249,,2.4074769020080566
20,53297,2.4262895584106445,
21,53299,,2.4073984622955322
21,53349,,2.412295341491699
21,53399,,2.3917624950408936
21,53449,,2.4394052028656006
21,53499,,2.4072370529174805
21,53549,,2.391763687133789
21,53599,,2.3919453620910645
21,53649,,2.397092819213867
21,53699,,2.4311423301696777
21,53749,,2.424839735031128
21,53799,,2.4230737686157227
21,53849,,2.4384446144104004
21,53899,,2.4075775146484375
21,53949,,2.3918395042419434
21,53999,,2.4234848022460938
21,54049,,2.4377033710479736
21,54099,,2.4528489112854004
21,54149,,2.4075329303741455
21,54199,,2.39178204536438
21,54249,,2.391953468322754
21,54299,,2.3918943405151367
21,54349,,2.4593400955200195
21,54399,,2.3917839527130127
21,54449,,2.4230117797851562
21,54499,,2.391798973083496
21,54549,,2.4533658027648926
21,54599,,2.4230294227600098
21,54649,,2.3924243450164795
21,54699,,2.4230124950408936
21,54749,,2.4074065685272217
21,54799,,2.3917629718780518
21,54849,,2.42287015914917
21,54899,,2.407388687133789
21,54949,,2.3917629718780518
21,54999,,2.407336711883545
21,55049,,2.407172918319702
21,55099,,2.4229867458343506
21,55149,,2.4073915481567383
21,55199,,2.4073894023895264
21,55249,,2.4119949340820312
21,55299,,2.4073734283447266
21,55349,,2.4105052947998047
21,55399,,2.4230120182037354
21,55449,,2.423008680343628
21,55499,,2.415618896484375
21,55549,,2.423619031906128
21,55599,,2.412992000579834
21,55649,,2.439077138900757
21,55699,,2.4300942420959473
21,55749,,2.4262855052948
21,55799,,2.4074716567993164
21,55835,2.42704439163208,
22,55849,,2.407388210296631
22,55899,,2.391784906387329
22,55949,,2.4084889888763428
22,55999,,2.441521167755127
22,56049,,2.43863844871521
22,56099,,2.423555374145508
22,56149,,2.4229838848114014
22,56199,,2.422133684158325
22,56249,,2.44419527053833
22,56299,,2.4072980880737305
22,56349,,2.473088264465332
22,56399,,2.438711166381836
22,56449,,2.454801559448242
22,56499,,2.4828619956970215
22,56549,,2.4386682510375977
22,56599,,2.3918495178222656
22,56649,,2.422881603240967
22,56699,,2.438929557800293
22,56749,,2.3917622566223145
22,56799,,2.408221483230591
22,56849,,2.407386541366577
22,56899,,2.453555107116699
22,56949,,2.4227912425994873
22,56999,,2.3917675018310547
22,57049,,2.4073874950408936
22,57099,,2.4074485301971436
22,57149,,2.391801357269287
22,57199,,2.4241461753845215
22,57249,,2.4073991775512695
22,57299,,2.4073870182037354
22,57349,,2.3917629718780518
22,57399,,2.4699130058288574
22,57449,,2.407618761062622
22,57499,,2.394261360168457
22,57549,,2.438638687133789
22,57599,,2.4410274028778076
22,57649,,2.4230124950408936
22,57699,,2.453613519668579
22,57749,,2.4073739051818848
22,57799,,2.407750368118286
22,57849,,2.4448211193084717
22,57899,,2.4386403560638428
22,57949,,2.3919103145599365
22,57999,,2.396199941635132
22,58049,,2.43890118598938
22,58099,,2.42318058013916
22,58149,,2.4073708057403564
22,58199,,2.4073987007141113
22,58249,,2.407862901687622
22,58299,,2.391786575317383
22,58349,,2.4218173027038574
22,58373,2.4267404079437256,
23,58399,,2.3917651176452637
23,58449,,2.391847610473633
23,58499,,2.4026312828063965
23,58549,,2.391982078552246
23,58599,,2.421797513961792
23,58649,,2.407867670059204
23,58699,,2.4492292404174805
23,58749,,2.3917734622955322
23,58799,,2.438102960586548
23,58849,,2.410651206970215
23,58899,,2.45613694190979
23,58949,,2.445390462875366
23,58999,,2.447441339492798
23,59049,,2.4073870182037354
23,59099,,2.4186723232269287
23,59149,,2.4091155529022217
23,59199,,2.4542620182037354
23,59249,,2.409770965576172
23,59299,,2.4230127334594727
23,59349,,2.4087347984313965
23,59399,,2.4233548641204834
23,59449,,2.407395362854004
23,59499,,2.4076764583587646
23,59549,,2.40739107131958
23,59599,,2.3917648792266846
23,59649,,2.4443554878234863
23,59699,,2.4386768341064453
23,59749,,2.3922629356384277
23,59799,,2.4093306064605713
23,59849,,2.4255034923553467
23,59899,,2.410282611846924
23,59949,,2.4228978157043457
23,59999,,2.4073939323425293
23,60049,,2.4407174587249756
23,60099,,2.4391212463378906
23,60149,,2.3917620182037354
23,60199,,2.407390594482422
23,60249,,2.4387001991271973
23,60299,,2.4386186599731445
23,60349,,2.3922104835510254
23,60399,,2.422945976257324
23,60449,,2.4073877334594727
23,60499,,2.4229891300201416
23,60549,,2.4386556148529053
23,60599,,2.4074411392211914
23,60649,,2.4073939323425293
23,60699,,2.3917620182037354
23,60749,,2.3948616981506348
23,60799,,2.4069788455963135
23,60849,,2.403921127319336
23,60899,,2.4073596000671387
23,60911,2.4272594451904297,
24,60949,,2.438692092895508
24,60999,,2.4230120182037354
24,61049,,2.424445629119873
24,61099,,2.391907215118408
24,61149,,2.4073870182037354
24,61199,,2.4115560054779053
24,61249,,2.435678482055664
24,61299,,2.3918771743774414
24,61349,,2.407459020614624
24,61399,,2.4112579822540283
24,61449,,2.40739107131958
24,61499,,2.4073870182037354
24,61549,,2.4229393005371094
24,61599,,2.455179214477539
24,61649,,2.40738844871521
24,61699,,2.4112515449523926
24,61749,,2.423013210296631
24,61799,,2.423011064529419
24,61849,,2.4230246543884277
24,61899,,2.4230189323425293
24,61949,,2.4231507778167725
24,61999,,2.4383585453033447
24,62049,,2.3917624950408936
24,62099,,2.3917620182037354
24,62149,,2.4229602813720703
24,62199,,2.4073870182037354
24,62249,,2.4073872566223145
24,62299,,2.4231653213500977
24,62349,,2.407200336456299
24,62399,,2.4084715843200684
24,62449,,2.4066665172576904
24,62499,,2.4229774475097656
24,62549,,2.4230573177337646
24,62599,,2.4073872566223145
24,62649,,2.454253673553467
24,62699,,2.397179365158081
24,62749,,2.424396276473999
24,62799,,2.4074606895446777
24,62849,,2.3919718265533447
24,62899,,2.4230122566223145
24,62949,,2.4073870182037354
24,62999,,2.4386370182037354
24,63049,,2.423027753829956
24,63099,,2.4230120182037354
24,63149,,2.4074580669403076
24,63199,,2.4405109882354736
24,63249,,2.3917620182037354
24,63299,,2.435823440551758
24,63349,,2.391915798187256
24,63399,,2.4073870182037354
24,63449,,2.447265863418579
24,63449,2.4256582260131836,
25,63499,,2.438638210296631
25,63549,,2.408172369003296
25,63599,,2.391784191131592
25,63649,,2.423011541366577
25,63699,,2.4122579097747803
25,63749,,2.4146628379821777
25,63799,,2.408437490463257
25,63849,,2.3917641639709473
25,63899,,2.4698486328125
25,63949,,2.4073870182037354
25,63999,,2.460944414138794
25,64049,,2.4386372566223145
25,64099,,2.4004499912261963
25,64149,,2.40738844871521
25,64199,,2.4230377674102783
25,64249,,2.408027172088623
25,64299,,2.4073870182037354
25,64349,,2.396851062774658
25,64399,,2.4230120182037354
25,64449,,2.3917622566223145
25,64499,,2.3917624950408936
25,64549,,2.4230124950408936
25,64599,,2.4376325607299805
25,64649,,2.391784191131592
25,64699,,2.423035144805908
25,64749,,2.413656711578369
25,64799,,2.4054105281829834
25,64849,,2.4081053733825684
25,64899,,2.4229750633239746
25,64949,,2.4230120182037354
25,64999,,2.423013687133789
25,65049,,2.3953487873077393
25,65099,,2.4698877334594727
25,65149,,2.407522439956665
25,65199,,2.4073872566223145
25,65249,,2.3917648792266846
25,65299,,2.41013765335083
25,65349,,2.429997444152832
25,65399,,2.4222609996795654
25,65449,,2.3917653560638428
25,65499,,2.3917620182037354
25,65549,,2.4073872566223145
25,65599,,2.39341402053833
25,65649,,2.3917722702026367
25,65699,,2.4073891639709473
25,65749,,2.4542837142944336
25,65799,,2.4361648559570312
25,65849,,2.4391658306121826
25,65899,,2.46988844871521
25,65949,,2.4370222091674805
25,65987,2.425851583480835,
26,65999,,2.3917620182037354
26,66049,,2.4073870182037354
26,66099,,2.407377004623413
26,66149,,2.4073870182037354
26,66199,,2.4160027503967285
26,66249,,2.434471607208252
26,66299,,2.3917620182037354
26,66349,,2.4205737113952637
26,66399,,2.4384825229644775
26,66449,,2.422778367996216
26,66499,,2.4023287296295166
26,66549,,2.391768455505371
26,66599,,2.4362270832061768
26,66649,,2.454179286956787
26,66699,,2.3917620182037354
26,66749,,2.4388928413391113
26,66799,,2.3950066566467285
26,66849,,2.3919761180877686
26,66899,,2.4230456352233887
26,66949,,2.3917951583862305
26,66999,,2.4227652549743652
26,67049,,2.4230051040649414
26,67099,,2.4542627334594727
26,67149,,2.4318532943725586
26,67199,,2.423001766204834
26,67249,,2.4360060691833496
26,67299,,2.4230120182037354
26,67349,,2.4073870182037354
26,67399,,2.4127676486968994
26,67449,,2.3917620182037354
26,67499,,2.407468557357788
26,67549,,2.407593250274658
26,67599,,2.3953661918640137
26,67649,,2.4289894104003906
26,67699,,2.39176607131958
26,67749,,2.3917880058288574
26,67799,,2.4073870182037354
26,67849,,2.422816514968872
26,67899,,2.417633056640625
26,67949,,2.423137903213501
26,67999,,2.391782522201538
26,68049,,2.391967535018921
26,68099,,2.40738844871521
26,68149,,2.4149909019470215
26,68199,,2.408780574798584
26,68249,,2.4073870182037354
26,68299,,2.409621477127075
26,68349,,2.438647508621216
26,68399,,2.4229695796966553
26,68449,,2.4114086627960205
26,68499,,2.40779185295105
26,68525,2.4255270957946777,
27,68549,,2.4073877334594727
27,68599,,2.4230120182037354
27,68649,,2.407151222229004
27,68699,,2.407306432723999
27,68749,,2.4119443893432617
27,68799,,2.4230120182037354
27,68849,,2.407614231109619
27,68899,,2.3932740688323975
27,68949,,2.391767978668213
27,68999,,2.4073996543884277
27,69049,,2.4698774814605713
27,69099,,2.4576523303985596
27,69149,,2.39176344871521
27,69199,,2.439988374710083
27,69249,,2.4230129718780518
27,69299,,2.397461414337158
27,69349,,2.425719976425171
27,69399,,2.443566083908081
27,69449,,2.3917620182037354
27,69499,,2.3995988368988037
27,69549,,2.3918135166168213
27,69599,,2.4230120182037354
27,69649,,2.4073944091796875
27,69699,,2.39176869392395
27,69749,,2.4543709754943848
27,69799,,2.423013925552368
27,69849,,2.4698944091796875
27,69899,,2.4227583408355713
27,69949,,2.454267740249634
27,69999,,2.4074044227600098
27,70049,,2.4386370182037354
27,70099,,2.4192423820495605
27,70149,,2.42279052734375
27,70199,,2.4230306148529053
27,70249,,2.3917620182037354
27,70299,,2.4073848724365234
27,70349,,2.4137063026428223
27,70399,,2.3919930458068848
27,70449,,2.4230196475982666
27,70499,,2.438520908355713
27,70549,,2.407938241958618
27,70599,,2.4074525833129883
27,70649,,2.4230175018310547
27,70699,,2.44343900680542
27,70749,,2.39176607131958
27,70799,,2.4073963165283203
27,70849,,2.408071279525757
27,70899,,2.4230120182037354
27,70949,,2.4229016304016113
27,70999,,2.4073872566223145
27,71049,,2.422098159790039
27,71063,2.4248526096343994,
28,71099,,2.4065613746643066
28,71149,,2.438286066055298
28,71199,,2.4385759830474854
28,71249,,2.3996474742889404
28,71299,,2.3917672634124756
28,71349,,2.4230122566223145
28,71399,,2.4073872566223145
28,71449,,2.422785758972168
28,71499,,2.3917622566223145
28,71549,,2.4230124950408936
28,71599,,2.419865369796753
28,71649,,2.4073874950408936
28,71699,,2.3917829990386963
28,71749,,2.40738844871521
28,71799,,2.438615083694458
28,71849,,2.4230120182037354
28,71899,,2.4073760509490967
28,71949,,2.438615083694458
28,71999,,2.3917970657348633
28,72049,,2.437556028366089
28,72099,,2.3917620182037354
28,72149,,2.4073870182037354
28,72199,,2.407547950744629
28,72249,,2.3917622566223145
28,72299,,2.3917620182037354
28,72349,,2.392383575439453
28,72399,,2.3917624950408936
28,72449,,2.39176344871521
28,72499,,2.3928816318511963
28,72549,,2.407407283782959
28,72599,,2.4085917472839355
28,72649,,2.4138665199279785
28,72699,,2.4073870182037354
28,72749,,2.400388717651367
28,72799,,2.4229891300201416
28,72849,,2.4219164848327637
28,72899,,2.4696691036224365
28,72949,,2.423123836517334
28,72999,,2.4386305809020996
28,73049,,2.407388925552368
28,73099,,2.3920633792877197
28,73149,,2.423586368560791
28,73199,,2.4334232807159424
28,73249,,2.3917641639709473
28,73299,,2.4542627334594727
28,73349,,2.407395124435425
28,73399,,2.4073870182037354
28,73449,,2.4384138584136963
28,73499,,2.4076573848724365
28,73549,,2.438575267791748
28,73599,,2.3917620182037354
28,73601,2.4255261421203613,
29,73649,,2.4379734992980957
29,73699,,2.4382071495056152
29,73749,,2.391807794570923
29,73799,,2.4230120182037354
29,73849,,2.396120548248291
29,73899,,2.438328504562378
29,73949,,2.3917622566223145
29,73999,,2.4386370182037354
29,74049,,2.420699119567871
29,74099,,2.4072320461273193
29,74149,,2.4073870182037354
29,74199,,2.4385828971862793
29,74249,,2.4230048656463623
29,74299,,2.4531290531158447
29,74349,,2.4073870182037354
29,74399,,2.3917648792266846
29,74449,,2.3978633880615234
29,74499,,2.407390594482422
29,74549,,2.3917620182037354
29,74599,,2.4077389240264893
29,74649,,2.4073922634124756
29,74699,,2.391815662384033
29,74749,,2.3917620182037354
29,74799,,2.3918113708496094
29,74849,,2.42301869392395
29,74899,,2.4386355876922607
29,74949,,2.45420241355896
29,74999,,2.42301344871521
29,75049,,2.407970428466797
29,75099,,2.4384734630584717
29,75149,,2.4073870182037354
29,75199,,2.4073874950408936
29,75249,,2.422593116760254
29,75299,,2.4074935913085938
29,75349,,2.4073898792266846
29,75399,,2.4073870182037354
29,75449,,2.4006385803222656
29,75499,,2.3918168544769287
29,75549,,2.4073870182037354
29,75599,,2.423013925552368
29,75649,,2.407395601272583
29,75699,,2.423076629638672
29,75749,,2.399947166442871
29,75799,,2.407378911972046
29,75849,,2.406470537185669
29,75899,,2.4230151176452637
29,75949,,2.411060333251953
29,75999,,2.437105178833008
29,76049,,2.4073870182037354
29,76099,,2.4073870182037354
29,76139,2.4241814613342285,
